ID,Datetime,Selected,Probability,Median Return Rate,Expected Undelayed Return Rate (random trend),Expected Actual Return Rate (random trend),Matched Trend Count,Interrupted Trend,Interrupted Trend Undelayed Return Rate,Interrupted Trend Actual Return Rate,Hit Rate (after first 30 mins),MDD (all the time),Undelayed Fund Remaining (commns. and fees deducted),Fund Remaining (commns. and fees deducted),Commns. and Fees (2 contracts),yFin Minute Delay,Close Price 1,Close Price 2,Close Price 3,Close Price 4,Close Price 5,Close Price 6,Close Price 7,Close Price 8,Close Price 9,Close Price 10,Close Price 11,Close Price 12
1,2017-04-04 07:11:00 EDT,3,0.7,0.0006,0.0006,0.0007,10,true,0.0006642655504722514,0.0003407958932548936,0.5,0.0015,10049.458,10024.458,0.542,1,384.6073234556354,384.6400372007993,384.59914501934446,384.6482156370903,384.5418959653076,384.56643127418056,384.6645725096722,384.6482156370903,384.6809293822542,384.7790706177459,384.8199627992007,384.8526765443646
1,2018-05-09 08:24:00 EDT,3,0.7,0.0006,0.0006,0.0007,10,true,0.0006642655504722514,0.0003407958932548936,0.5,0.0015,10049.458,10024.458,0.542,1,384.8734596166753,384.7888184428369,384.8878055783429,384.90215154001044,385.1603788500261,385.2177626966962,385.21058971586245,385.33253039003654,385.38991423670666,385.3612223133716,385.31818442836897,385.46164404504435
1,2020-04-29 08:06:00 EDT,3,0.7,0.0006,0.0006,0.0007,10,true,0.0006642655504722514,0.0003407958932548936,0.5,0.0015,10049.458,10024.458,0.542,1,384.7824745115423,384.8349490230846,384.92691060456235,384.8613174651345,384.88086422068403,384.82183039519896,385.0120504995397,384.95301667405465,384.8611862788557,384.93333873222633,385.0382877553108,384.7037627442289
1,2020-08-26 07:44:00 EDT,3,0.7,0.0006,0.0006,0.0007,10,true,0.0006642655504722514,0.0003407958932548936,0.5,0.0015,10049.458,10024.458,0.542,1,384.7746157291998,384.81900893605945,384.80788281905205,384.7745044680297,384.74668917551116,384.75225223401486,384.80788281905205,384.87719852800836,384.8857656381041,384.90534760403716,384.93027010613383,384.9235944359293
1,2020-09-14 07:33:00 EDT,3,0.7,0.0006,0.0006,0.0007,10,true,0.0006642655504722514,0.0003407958932548936,0.5,0.0015,10049.458,10024.458,0.542,1,384.7441453173716,384.5828886993353,384.6168374610271,384.5942049532326,384.5376236837461,384.56025619154065,384.56025619154065,384.8431625389729,384.8431625389729,384.8318462850756,384.87711130066475,384.9856341755397
1,2021-10-22 06:30:00 EDT,3,0.7,0.0006,0.0006,0.0007,10,true,0.0006642655504722514,0.0003407958932548936,0.5,0.0015,10049.458,10024.458,0.542,1,384.7892439174623,384.6115121650755,384.29836574420347,384.4083901623477,384.3322194113248,384.3576096616657,384.36607307844605,384.29836574420347,384.17987790927896,384.19680474283956,384.1375608253773,384.1883413260593
1,2022-10-25 11:28:00 EDT,3,0.7,0.0006,0.0006,0.0007,10,true,0.0006642655504722514,0.0003407958932548936,0.5,0.0015,10049.458,10024.458,0.542,1,384.7075,384.69,384.755,384.95,385.02,385.22,384.97,385.0249,384.9349,384.905,384.93,384.965
1,2023-06-20 09:23:00 EDT,3,0.7,0.0006,0.0006,0.0007,10,true,0.0006642655504722514,0.0003407958932548936,0.5,0.0015,10049.458,10024.458,0.542,1,384.71235505635923,384.59832131611375,384.68171781590837,384.58515344772513,384.5500391320221,384.484199790079,384.52370339524487,384.55223377675355,384.624657052891,384.58076415826224,384.624657052891,384.589542737188
1,2023-09-13 11:33:00 EDT,3,0.7,0.0006,0.0006,0.0007,10,true,0.0006642655504722514,0.0003407958932548936,0.5,0.0015,10049.458,10024.458,0.542,1,384.7041375369724,384.73,384.69982712646777,384.596377274357,384.77310410504623,384.7429312315139,384.74724164201854,384.6782750739447,384.8420706731201,384.8248290311016,384.86362272564315,384.764483284037
1,2024-03-04 09:39:00 EST,3,0.7,0.0006,0.0006,0.0007,10,true,0.0006642655504722514,0.0003407958932548936,0.5,0.0015,10049.458,10024.458,0.542,1,384.7449802394627,384.9855628852332,384.83860673610434,384.7899209578507,384.84235179597,384.96968383140273,384.9547035919401,384.85733203543276,384.8872925143581,384.76370553879104,384.93223323274606,384.96968383140273
134,2017-05-18 10:10:00 EDT,3,0.7143,-0.0009,-0.0018,-0.0019,7,true,-0.0009295345607667984,-0.0008549393407651386,0.0153,0.0015,9978.916,9958.916,0.542,1,386.6902864846646,386.70657229524767,386.4753137849679,386.37271317829453,386.4622851365015,386.56,386.3482844624199,386.3971418941691,386.2831412200876,386.29942703067064,386.3808560835861,386.50299966295916
134,2020-06-22 06:17:00 EDT,3,0.7143,-0.0009,-0.0018,-0.0019,7,true,-0.0009295345607667984,-0.0008549393407651386,0.0153,0.0015,9978.916,9958.916,0.542,1,386.3978252746262,386.19807195622894,386.19807195622894,386.12316446183,386.0857107146305,386.0794684234306,386.0232878026314,386.3041909066275,386.2603700224041,386.33540236262706,386.18558737382915,386.22304112102864
134,2020-09-25 08:14:00 EDT,3,0.7143,-0.0009,-0.0018,-0.0019,7,true,-0.0009295345607667984,-0.0008549393407651386,0.0153,0.0015,9978.916,9958.916,0.542,1,386.53625552825554,386.7380835380835,386.63123341523345,386.5956167076167,386.4531498771499,386.39260147420146,386.1081427027027,386.10885503685506,385.9307714987715,386.1124167076167,386.1325995085995,386.1800884520884
134,2022-10-26 07:11:00 EDT,3,0.7143,-0.0009,-0.0018,-0.0019,7,true,-0.0009295345607667984,-0.0008549393407651386,0.0153,0.0015,9978.916,9958.916,0.542,1,386.5918,386.53,386.86,386.89,386.94,386.94,387.034,386.67,387.0798,386.89,386.8,386.75
134,2023-04-26 07:12:00 EDT,3,0.7143,-0.0009,-0.0018,-0.0019,7,true,-0.0009295345607667984,-0.0008549393407651386,0.0153,0.0015,9978.916,9958.916,0.542,1,386.53151363301396,386.593234094817,386.50302726602797,386.57899091132396,386.673945467944,386.59798182264797,386.59864650454426,386.66919774011296,386.64545910095796,386.82112503070493,386.76890002456395,386.79738639155
134,2023-05-19 05:39:00 EDT,3,0.7143,-0.0009,-0.0018,-0.0019,7,true,-0.0009295345607667984,-0.0008549393407651386,0.0153,0.0015,9978.916,9958.916,0.542,1,386.7117382150376,386.5691962554568,386.59218689409886,386.58299063864206,386.85887830234685,386.76691574777857,386.7025419595808,386.63816817138303,386.5002243395306,386.5278131059011,386.60092333678284,386.50942059498743
134,2023-08-11 06:26:00 EDT,3,0.7143,-0.0009,-0.0018,-0.0019,7,true,-0.0009295345607667984,-0.0008549393407651386,0.0153,0.0015,9978.916,9958.916,0.542,1,386.3002499664024,386.3002499664024,386.32622496976217,386.29592079917575,386.20067912019,386.26128746136277,386.10119485732207,386.2050082874166,386.0474266003674,385.8889790798728,385.8932216637549,385.87599157819295
136,2016-09-14 06:13:00 EDT,3,0.8,0.0018,0.0005,-0.0004,15,true,-0.00003724460062836296,-0.0009586405329717197,0.0226,0.0016,9978.374,9888.374,0.542,1,386.7829764854378,386.80285320929363,386.85525548127714,386.65648824271886,386.7287672385583,386.7486439624141,386.62034874479923,386.65648824271886,386.7468369875181,386.67455799167874,386.8534485063812,387.2708597073535
136,2018-10-01 05:49:00 EDT,3,0.8,0.0018,0.0005,-0.0004,15,true,-0.00003724460062836296,-0.0009586405329717197,0.0226,0.0016,9978.374,9888.374,0.542,1,386.55643211269523,386.51678394365223,386.6291204226074,386.5960802817382,386.5233919718261,386.55643211269523,386.6092963380858,386.6092963380858,386.6357284507812,386.53211456901556,386.7018087325195,386.67471581700676
136,2019-06-11 10:06:00 EDT,3,0.8,0.0018,0.0005,-0.0004,15,true,-0.00003724460062836296,-0.0009586405329717197,0.0226,0.0016,9978.374,9888.374,0.542,1,386.3763924597415,386.35635669362085,386.409785403276,386.39642822586217,386.4565355242242,386.26285645172436,386.3527502557191,386.43649975810354,386.43649975810354,386.50328564517247,386.46321411293104,386.43649975810354
136,2020-05-28 08:46:00 EDT,3,0.8,0.0018,0.0005,-0.0004,15,true,-0.00003724460062836296,-0.0009586405329717197,0.0226,0.0016,9978.374,9888.374,0.542,1,386.4793799871391,386.6245496000817,386.5172503209502,386.5424972101576,386.64348476698734,386.59299098857247,386.7066019900058,386.72553715691146,386.79496610223185,386.7066019900058,386.68135510079844,386.68135510079844
136,2020-12-11 08:41:00 EST,3,0.8,0.0018,0.0005,-0.0004,15,true,-0.00003724460062836296,-0.0009586405329717197,0.0226,0.0016,9978.374,9888.374,0.542,1,386.5314819571818,386.5685308867282,386.5949944078327,386.6055798162746,386.5154979904347,386.4309205769846,386.4203351685428,386.3250664925664,386.52618925296093,386.5156038445191,386.4891403234146,386.7042358229523
136,2021-02-10 09:37:00 EST,3,0.8,0.0018,0.0005,-0.0004,15,true,-0.00003724460062836296,-0.0009586405329717197,0.0226,0.0016,9978.374,9888.374,0.542,1,386.5596851240304,386.5003148759696,386.41125950387834,386.4211545452218,386.56958016537385,386.5398950413434,386.6091603307477,386.5893702480608,386.5497900826869,386.5893702480608,386.53,386.6190553720912
136,2021-03-25 10:50:00 EDT,3,0.8,0.0018,0.0005,-0.0004,15,true,-0.00003724460062836296,-0.0009586405329717197,0.0226,0.0016,9978.374,9888.374,0.542,1,386.4802432933422,386.47029195201065,386.47029195201065,386.91810231193034,386.89819962926725,386.9380049945934,386.63946475464695,386.6295134133154,386.79868621595176,387.00766438391423,386.98776170125115,387.2315695638741
136,2021-09-20 11:48:00 EDT,3,0.8,0.0018,0.0005,-0.0004,15,true,-0.00003724460062836296,-0.0009586405329717197,0.0226,0.0016,9978.374,9888.374,0.542,1,386.9188721726259,386.79818770525924,386.68197303298024,387.2272880336741,387.4775965585827,387.4775965585827,387.55805287016045,387.50441532910867,387.745784263842,387.9156364771728,388.17488459225683,388.353676395763
136,2022-04-04 06:02:00 EDT,3,0.8,0.0018,0.0005,-0.0004,15,true,-0.00003724460062836296,-0.0009586405329717197,0.0226,0.0016,9978.374,9888.374,0.542,1,386.6150507184192,386.58953550289345,386.5810304310515,386.59804057473536,386.51324500847136,386.67458622131267,386.521494928158,386.48747464079037,386.4959797126323,386.4279391378969,386.60016684269584,386.521494928158
136,2022-05-13 11:13:00 EDT,3,0.8,0.0018,0.0005,-0.0004,15,true,-0.00003724460062836296,-0.0009586405329717197,0.0226,0.0016,9978.374,9888.374,0.542,1,386.73245805057286,386.8577295716318,387.10817625104113,386.9107290613106,387.2142715931072,387.22390786395783,387.3491793850168,387.2479985410846,387.09863634289894,386.944456009288,387.37808819756884,387.4438075647705
136,2022-06-29 09:47:00 EDT,3,0.8,0.0018,0.0005,-0.0004,15,true,-0.00003724460062836296,-0.0009586405329717197,0.0226,0.0016,9978.374,9888.374,0.542,1,386.484758459157,386.47459182076534,386.37292543684873,386.41359199041534,386.698257865382,386.576258204682,386.51515670794805,386.6179414220878,386.637258035032,386.83550748366946,386.9829237403486,387.0235902939153
136,2022-08-01 07:53:00 EDT,3,0.8,0.0018,0.0005,-0.0004,15,true,-0.00003724460062836296,-0.0009586405329717197,0.0226,0.0016,9978.374,9888.374,0.542,1,386.5112908957625,386.40848436797774,386.2775206383157,386.0529178419452,386.21203877348466,386.18397511712845,386.1465569086536,386.09978414806,386.0062386268728,386.07172049170384,386.0249477311103,385.90333855356687
136,2022-10-26 07:13:00 EDT,3,0.8,0.0018,0.0005,-0.0004,15,true,-0.00003724460062836296,-0.0009586405329717197,0.0226,0.0016,9978.374,9888.374,0.542,1,386.86,386.89,386.94,386.94,387.034,386.67,387.0798,386.89,386.8,386.75,387.0279,386.74
136,2022-11-04 10:43:00 EDT,3,0.8,0.0018,0.0005,-0.0004,15,true,-0.00003724460062836296,-0.0009586405329717197,0.0226,0.0016,9978.374,9888.374,0.542,1,386.9000372519144,387.45504126025264,387.6832672076066,387.5069107937422,387.60027595402335,387.3305543798777,387.28905875308607,387.1282631992685,387.4342934468568,387.44466735355473,387.3616760999714,387.3305543798777
136,2023-04-03 05:42:00 EDT,3,0.8,0.0018,0.0005,-0.0004,15,true,-0.00003724460062836296,-0.0009586405329717197,0.0226,0.0016,9978.374,9888.374,0.542,1,386.5112295349397,386.3998329558635,386.5065133376884,386.3603112228974,386.4546351679238,386.6810126359873,386.88852531504557,387.1337675721144,387.1573485583709,387.01114644357995,387.06774081059586,387.2172442634628
187,2017-01-03 06:25:00 EST,3,0.75,-0.0012,0.0002,-0.0,20,true,0.00016054309435344186,0.00008411159553022981,0.0217,0.003,9987.832,9892.832,0.542,1,387.036543258877,386.79537752958976,386.8470559001513,386.77815140606924,386.62311629438466,386.62311629438466,386.8298297766308,386.7436991590282,386.903902107769,386.8642820236718,386.80399059135,386.7609252825487
187,2017-01-31 05:19:00 EST,3,0.75,-0.0012,0.0002,-0.0,20,true,0.00016054309435344186,0.00008411159553022981,0.0217,0.003,9987.832,9892.832,0.542,1,387.0204492440605,387.12283560629436,387.3105439370565,387.3446727244678,387.3446727244678,387.2678829527923,387.1399,387.2934795433508,387.24228636223387,387.12283560629436,386.9965590928726,386.94365947238504
187,2017-02-17 04:51:00 EST,3,0.75,-0.0012,0.0002,-0.0,20,true,0.00016054309435344186,0.00008411159553022981,0.0217,0.003,9987.832,9892.832,0.542,1,387.14815722299244,387.01604165511355,386.98301276314385,386.9004405332196,386.8046567465074,386.735296073371,386.81786830329526,386.78483941132555,386.85089719526496,386.9615439833635,386.83438274928017,387.01604165511355
187,2018-01-29 05:29:00 EST,3,0.75,-0.0012,0.0002,-0.0,20,true,0.00016054309435344186,0.00008411159553022981,0.0217,0.003,9987.832,9892.832,0.542,1,387.09928523919433,387.1263617463981,386.9639027031753,386.89621143516575,386.86913492796197,386.90974968876776,386.80144365995244,386.7120911861799,386.6660611239335,386.2734517694783,386.43591081270114,386.32760478388593
187,2019-03-28 08:24:00 EDT,3,0.75,-0.0012,0.0002,-0.0,20,true,0.00016054309435344186,0.00008411159553022981,0.0217,0.003,9987.832,9892.832,0.542,1,387.0775965327945,387.0983643551963,386.9738958729347,386.860226658322,387.0983643551963,387.1675904298691,387.1606678224018,387.264506934411,387.2921973642801,387.2091260746728,387.22297128960736,387.1814356448036
187,2019-06-25 06:32:00 EDT,3,0.75,-0.0012,0.0002,-0.0,20,true,0.00016054309435344186,0.00008411159553022981,0.0217,0.003,9987.832,9892.832,0.542,1,386.9680669329783,387.0473745023729,387.0077207176756,386.8206870331866,386.78962490184034,386.7651717346103,386.74336215302674,386.5318753013077,386.4657856601455,386.59796494246996,386.65083665539964,386.6772725118646
187,2019-07-10 06:48:00 EDT,3,0.75,-0.0012,0.0002,-0.0,20,true,0.00016054309435344186,0.00008411159553022981,0.0217,0.003,9987.832,9892.832,0.542,1,387.12824734925255,387.01055557670315,386.93274176448955,386.81621525701485,386.73853091869836,386.8421100364536,386.6090570215043,386.4213198705729,386.5702148523461,386.55726746262667,386.62200441122377,386.6090570215043
187,2019-08-05 09:39:00 EDT,3,0.75,-0.0012,0.0002,-0.0,20,true,0.00016054309435344186,0.00008411159553022981,0.0217,0.003,9987.832,9892.832,0.542,1,387.309617809108,387.5268566047662,387.43181463166576,387.28246295965073,387.1331112876357,386.82870542521965,386.59001429849025,386.3048883791888,386.21663511845264,386.2913109544602,386.2980996668245,386.372775502832
187,2021-02-10 07:16:00 EST,3,0.75,-0.0012,0.0002,-0.0,20,true,0.00016054309435344186,0.00008411159553022981,0.0217,0.003,9987.832,9892.832,0.542,1,387.15977932424454,387.06038270302196,387.0007447302884,386.9808654060438,387.02062405453285,386.8516497984544,386.7920118257208,386.61309790752006,386.61309790752006,386.3734526537524,386.5534599347865,386.80195148784304
187,2021-05-25 07:48:00 EDT,3,0.75,-0.0012,0.0002,-0.0,20,true,0.00016054309435344186,0.00008411159553022981,0.0217,0.003,9987.832,9892.832,0.542,1,387.12038769724234,387.0695262445565,387.0510311708526,386.98343167646465,386.82446651797926,386.9446844970549,386.9272066524046,387.0047934865927,387.0649024761305,387.0666595081324,387.231358139466,387.2684407622424
187,2022-08-08 07:04:00 EDT,3,0.75,-0.0012,0.0002,-0.0,20,true,0.00016054309435344186,0.00008411159553022981,0.0217,0.003,9987.832,9892.832,0.542,1,387.14918370782476,387.1955094098703,387.214169662598,387.102765168701,387.00992809045346,386.8377153103043,386.9078073043812,386.8035512655092,386.70198750190644,386.70458694009733,386.67571460876235,386.5633817440829
187,2022-10-26 08:04:00 EDT,3,0.75,-0.0012,0.0002,-0.0,20,true,0.00016054309435344186,0.00008411159553022981,0.0217,0.003,9987.832,9892.832,0.542,1,387.205,387.005,386.81,386.85,386.5882,386.53,386.532,386.78,386.8601,386.57,386.6899,386.53
187,2022-11-15 07:14:00 EST,3,0.75,-0.0012,0.0002,-0.0,20,true,0.00016054309435344186,0.00008411159553022981,0.0217,0.003,9987.832,9892.832,0.542,1,386.93300187144314,386.69578829147855,386.6185514726053,386.6185514726053,386.6426879785032,386.48338703957705,386.48338703957705,386.62820607496445,386.47682190997284,386.4447686301404,386.2661584864959,386.50269624429535
187,2023-02-06 10:37:00 EST,3,0.75,-0.0012,0.0002,-0.0,20,true,0.00016054309435344186,0.00008411159553022981,0.0217,0.003,9987.832,9892.832,0.542,1,387.38655213567347,387.3903322450325,387.30055464775666,387.2172032363912,387.28165410096176,387.328905467949,387.1777010935898,387.24385300737197,387.1871513669872,387.0737480862178,386.8666925960797,387.0075961724357
187,2023-06-16 06:58:00 EDT,3,0.75,-0.0012,0.0002,-0.0,20,true,0.00016054309435344186,0.00008411159553022981,0.0217,0.003,9987.832,9892.832,0.542,1,387.0785549415973,387.0084463034227,386.9383376652481,386.6754302720935,386.6754302720935,386.6403759530062,386.8244111282144,386.78059322935536,386.74553891026807,386.500158676657,386.7654322363501,386.97347962013316
187,2023-06-22 11:41:00 EDT,3,0.75,-0.0012,0.0002,-0.0,20,true,0.00016054309435344186,0.00008411159553022981,0.0217,0.003,9987.832,9892.832,0.542,1,387.0599006765974,387.16431710758684,387.12214210357325,387.1576578964268,387.2020526374937,387.2686447490941,387.14877894821336,387.2020526374937,387.23756843034727,387.2020526374937,387.22868948213386,387.2020526374937
187,2023-11-03 09:34:00 EDT,3,0.75,-0.0012,0.0002,-0.0,20,true,0.00016054309435344186,0.00008411159553022981,0.0217,0.003,9987.832,9892.832,0.542,1,386.9988062221796,387.1677275692866,386.967689131923,387.0165874166119,387.0165874166119,386.99436092357155,387.0610404026927,386.98991562496343,386.91879084723416,386.79432248620793,386.76765069455945,386.76765069455945
187,2023-11-13 08:41:00 EST,3,0.75,-0.0012,0.0002,-0.0,20,true,0.00016054309435344186,0.00008411159553022981,0.0217,0.003,9987.832,9892.832,0.542,1,387.09489714184,387.2443206943244,387.35858576387125,387.4109719034481,387.4201131090119,387.5387729889259,387.51679893709,387.5343781785587,387.57393147186343,387.54316779929314,387.6266691962697,387.5429041106711
187,2024-04-19 07:11:00 EDT,3,0.75,-0.0012,0.0002,-0.0,20,true,0.00016054309435344186,0.00008411159553022981,0.0217,0.003,9987.832,9892.832,0.542,1,386.9691520639121,386.8682555562238,387.1631838094665,387.02348095266734,386.85273301657946,386.71691079469133,386.6431787313807,386.56944666807,386.57332730298106,386.44914698582625,386.35601174796017,386.40257936689324
187,2024-09-05 13:37:00 EDT,3,0.75,-0.0012,0.0002,-0.0,20,true,0.00016054309435344186,0.00008411159553022981,0.0217,0.003,9987.832,9892.832,0.542,1,387.42918422059813,387.3304042428329,387.22527412363996,387.344515668228,387.40096136980804,387.423892436075,387.57735418724593,387.9089726840292,387.9513069602143,388.261758318905,388.28292545699753,388.23353546811495
279,2018-02-16 09:27:00 EST,3,0.7,0.0014,0.0037,0.0032,10,true,0.0017973077064154124,0.001554364454556584,0.0181,0.003,10122.29,10007.29,0.542,1,383.4096394380662,383.2621741921285,383.5781711477094,383.65541484796245,383.43772805634006,383.8169244030371,383.9714118035432,384.0978105857756,384.12589920404946,383.9714118035432,384.0837662766387,384.29443091369257
279,2018-10-18 11:15:00 EDT,3,0.7,0.0014,0.0037,0.0032,10,true,0.0017973077064154124,0.001554364454556584,0.0181,0.003,10122.29,10007.29,0.542,1,382.90389195268847,383.1122712430157,383.6818413032436,384.0013562150787,383.6401654451781,383.5429217763587,383.7679714099122,383.43178615485084,383.79297692475143,384.0985998838981,384.0847079312096,384.0985998838981
279,2018-11-20 06:28:00 EST,3,0.7,0.0014,0.0037,0.0032,10,true,0.0017973077064154124,0.001554364454556584,0.0181,0.003,10122.29,10007.29,0.542,1,382.68803097095054,382.58704645642587,382.52934101955464,382.6158991748615,382.68803097095054,382.6352304962134,382.3129456312874,382.1831083983271,382.42835650502985,383.0198372329603,383.19295354357405,383.5536125240194
279,2019-03-28 07:27:00 EDT,3,0.7,0.0014,0.0037,0.0032,10,true,0.0017973077064154124,0.001554364454556584,0.0181,0.003,10122.29,10007.29,0.542,1,382.86945354702533,382.76672128215216,382.5612567524058,382.54755911708935,382.57495438772224,382.73247719386114,382.8146630057597,382.87630236468357,382.8352094587343,382.86260472936715,382.75302364683574,382.6571401996208
279,2022-03-23 11:58:00 EDT,3,0.7,0.0014,0.0037,0.0032,10,true,0.0017973077064154124,0.001554364454556584,0.0181,0.003,10122.29,10007.29,0.542,1,382.6099647816009,382.51949186488736,382.3988613092693,384.25140198483246,383.84642797668613,383.8205785719108,383.7387221234557,383.6180915678376,383.2949740081463,383.38113869073067,383.467303373315,383.4415401332223
279,2022-08-29 12:00:00 EDT,3,0.7,0.0014,0.0037,0.0032,10,true,0.0017973077064154124,0.001554364454556584,0.0181,0.003,10122.29,10007.29,0.542,1,382.453051923888,383.62141308392665,383.1369706517155,383.30795033367235,383.46943114440944,383.43143565953017,383.43143565953017,383.24145823513356,383.0182347614677,383.14172008732544,383.2889525912327,382.93749435609914
279,2022-10-26 09:36:00 EDT,3,0.7,0.0014,0.0037,0.0032,10,true,0.0017973077064154124,0.001554364454556584,0.0181,0.003,10122.29,10007.29,0.542,1,383.06,383.26,383.262,383.02,383.33,383.485,383.61,383.62,383.4045,383.57,383.42,383.4
279,2022-12-21 06:27:00 EST,3,0.7,0.0014,0.0037,0.0032,10,true,0.0017973077064154124,0.001554364454556584,0.0181,0.003,10122.29,10007.29,0.542,1,382.95444123663293,382.92965614562024,382.9609845006603,383.1477649465317,383.42040094767094,383.39065883845575,383.41544392946844,383.3658737474431,383.38570182025325,383.16759301934184,383.08332370989876,383.1775070557469
279,2023-02-02 09:28:00 EST,3,0.7,0.0014,0.0037,0.0032,10,true,0.0017973077064154124,0.001554364454556584,0.0181,0.003,10122.29,10007.29,0.542,1,382.9453631396608,382.77945795741607,382.84394081559003,382.9270315842656,382.46625550342833,382.31886611331646,382.3280779501985,382.1438412125586,381.78457957416094,381.8306387585709,382.27289904727536,382.51231468783834
279,2023-06-23 10:49:00 EDT,3,0.7,0.0014,0.0037,0.0032,10,true,0.0017973077064154124,0.001554364454556584,0.0181,0.003,10122.29,10007.29,0.542,1,382.95188907105086,382.92978583138984,382.9386271272542,382.76622185789824,382.8634761124068,382.8281109289491,382.7839044496271,382.85021416861014,382.91652388759326,382.79716639342365,382.91555134504813,382.8015870413559
280,2018-11-14 08:55:00 EST,3,0.7143,0.0005,0.0006,0.0001,7,true,0.0005221114185766946,0.000005218389604992824,0.0217,0.003,10156.748,10006.748,0.542,1,383.06426828407683,383.40573101022517,383.43418623740416,383.49109669176227,383.3061377150986,383.4484138509937,383.02158544330825,382.8081712394656,382.42402567254874,382.42402567254874,382.22483908229543,382.11101817357934
280,2018-11-19 05:30:00 EST,3,0.7143,0.0005,0.0006,0.0001,7,true,0.0005221114185766946,0.000005218389604992824,0.0217,0.003,10156.748,10006.748,0.542,1,383.09530344223776,382.999984148196,383.11295516335656,382.8728917561403,382.5198573337634,382.20918704207185,382.37864356481265,382.38570425326026,382.5763428413438,382.5763428413438,382.8305276254551,383.0261086954518
280,2020-11-17 10:30:00 EST,3,0.7143,0.0005,0.0006,0.0001,7,true,0.0005221114185766946,0.000005218389604992824,0.0217,0.003,10156.748,10006.748,0.542,1,383.13847825109303,383.1503882295787,383.03341522659446,383.08669111249907,383.0546830453189,382.93771004233463,383.0759508640433,383.0387321812755,383.29926296064957,383.27799514192515,383.29926296064957,383.2141916857519
280,2021-03-18 09:02:00 EDT,3,0.7143,0.0005,0.0006,0.0001,7,true,0.0005221114185766946,0.000005218389604992824,0.0217,0.003,10156.748,10006.748,0.542,1,383.2041702262164,383.22502931009024,383.2832407069475,383.3092417975437,383.2943978913451,383.3026445058999,383.2445301280374,383.1813707624473,383.1377122148044,382.98248182318514,383.1086065163758,383.07445583021956
280,2022-02-23 06:15:00 EST,3,0.7143,0.0005,0.0006,0.0001,7,true,0.0005221114185766946,0.000005218389604992824,0.0217,0.003,10156.748,10006.748,0.542,1,383.1317206515634,382.91969647537917,382.86276820820075,382.72031306403295,382.5758856019472,382.9470399737877,382.87173328964616,383.0958603257817,382.9434539412095,382.9434539412095,382.9255237783187,383.3020571990264
280,2022-10-26 09:37:00 EDT,3,0.7143,0.0005,0.0006,0.0001,7,true,0.0005221114185766946,0.000005218389604992824,0.0217,0.003,10156.748,10006.748,0.542,1,383.26,383.262,383.02,383.33,383.485,383.61,383.62,383.4045,383.57,383.42,383.4,383.29
280,2023-10-26 08:25:00 EDT,3,0.7143,0.0005,0.0006,0.0001,7,true,0.0005221114185766946,0.000005218389604992824,0.0217,0.003,10156.748,10006.748,0.542,1,382.88830121021965,383.0739215234957,382.8603653530716,383.1203266018147,383.16673168013375,383.3143926393448,383.3245089464184,383.43588113438403,383.33378996208216,383.19605968963134,383.25954183677175,383.25944902661513
298,2019-02-20 08:57:00 EST,3,0.75,0.0013,0.0013,0.0008,8,true,0.0013030105564968725,0.0008337458638388608,0.0237,0.003,10251.206,10066.206,0.542,1,383.6074284943742,383.5844205932755,383.6119749658488,383.5844205932755,383.70841526985544,383.1711050046756,383.5017574755555,383.2813224949689,383.25376812239557,383.2675453086822,383.5844205932755,383.94262743672874
298,2019-07-18 12:00:00 EDT,3,0.75,0.0013,0.0013,0.0008,8,true,0.0013030105564968725,0.0008337458638388608,0.0237,0.003,10251.206,10066.206,0.542,1,383.75273472803343,385.20784373221755,385.1011280334728,384.94702594142257,384.98555146443516,384.92134225941425,384.8295230962343,384.88281673640165,384.83787029288703,384.89565857740587,384.97270962343094,385.0626025104603
298,2021-03-12 11:00:00 EST,3,0.75,0.0013,0.0013,0.0008,8,true,0.0013030105564968725,0.0008337458638388608,0.0237,0.003,10251.206,10066.206,0.542,1,383.65,383.9615464650053,384.0491689082881,383.76682992437696,383.7765657514084,383.9031315028168,383.9420748109425,384.19520631375934,383.9615464650053,383.9907539460996,384.000489773131,383.8349807135969
298,2021-05-21 11:15:00 EDT,3,0.75,0.0013,0.0013,0.0008,8,true,0.0013030105564968725,0.0008337458638388608,0.0237,0.003,10251.206,10066.206,0.542,1,383.62232295298776,383.8436470722616,383.7560953468798,383.60387158831304,383.73303114103635,383.74225682337374,383.8529650114223,383.8529650114223,383.8529650114223,384.00057592882047,383.94522183479614,383.8178151617169
298,2022-09-14 10:23:00 EDT,3,0.75,0.0013,0.0013,0.0008,8,true,0.0013030105564968725,0.0008337458638388608,0.0237,0.003,10251.206,10066.206,0.542,1,383.55250404466943,383.73783419399143,383.669421116227,383.5524064511205,383.7622325812113,383.5231283864567,383.6207219353361,383.6646390323319,384.0696522601816,384.15748645417307,384.2258019383887,384.1867645188369
298,2022-10-26 09:55:00 EDT,3,0.75,0.0013,0.0013,0.0008,8,true,0.0013030105564968725,0.0008337458638388608,0.0237,0.003,10251.206,10066.206,0.542,1,383.81,383.64,383.445,383.81,383.9,383.78,383.925,384.07,383.94,384.105,384.1499,384.13
298,2022-10-31 10:06:00 EDT,3,0.75,0.0013,0.0013,0.0008,8,true,0.0013030105564968725,0.0008337458638388608,0.0237,0.003,10251.206,10066.206,0.542,1,383.4914955973868,383.53112169804007,383.45186949673354,383.35280424510034,383.20420636765044,383.1645802669971,383.15467374183385,383.29336509412036,383.35280424510034,383.30614451158107,383.3825238205903,383.15467374183385
298,2023-04-05 07:16:00 EDT,3,0.75,0.0013,0.0013,0.0008,8,true,0.0013030105564968725,0.0008337458638388608,0.0237,0.003,10251.206,10066.206,0.542,1,383.73486580150416,383.7207215012535,383.7442953350046,383.55098989824506,383.5745637319962,383.5085569974929,383.6405704664995,383.65,383.6264261662488,383.56513419849574,383.489697930492,383.5085569974929
309,2016-11-07 06:05:00 EST,3,0.875,-0.0007,-0.001,-0.001,8,true,-0.0011454170590780744,-0.001119126050517905,0.0261,0.003,10165.664,9980.664,0.542,1,384.0974523772533,384.17341100330026,384.28734894237067,384.2059647001775,384.1878793130235,384.2602208616396,384.2692635552166,384.271072093932,384.3144770231017,384.33256241025566,384.3144770231017,384.22766716476235
309,2017-03-01 07:17:00 EST,3,0.875,-0.0007,-0.001,-0.001,8,true,-0.0011454170590780744,-0.001119126050517905,0.0261,0.003,10165.664,9980.664,0.542,1,383.90830635193674,383.89390673052895,383.9099063098709,383.92590588921286,383.89390673052895,383.9739046272387,383.86190757184505,383.87790715118706,383.92590588921286,383.9899042065806,384.0219033652645,383.92590588921286
309,2021-03-01 06:21:00 EST,3,0.875,-0.0007,-0.001,-0.001,8,true,-0.0011454170590780744,-0.001119126050517905,0.0261,0.003,10165.664,9980.664,0.542,1,384.0216494362978,383.9772550104009,384.041380292252,384.0117840083207,383.9427260124811,383.7602155949049,383.67645811137936,383.5678397493516,383.5678397493516,383.58757060530576,383.57770517732865,383.58569617399013
309,2021-03-12 05:01:00 EST,3,0.875,-0.0007,-0.001,-0.001,8,true,-0.0011454170590780744,-0.001119126050517905,0.0261,0.003,10165.664,9980.664,0.542,1,383.70988815129687,383.70011011021455,383.8956709318604,383.81744660320203,384.1011075749994,384.1499,384.1694560821646,384.0423415480948,383.983673301601,384.0227854659302,383.70011011021455,383.749000315626
309,2021-07-20 08:01:00 EDT,3,0.875,-0.0007,-0.001,-0.001,8,true,-0.0011454170590780744,-0.001119126050517905,0.0261,0.003,10165.664,9980.664,0.542,1,384.2568285982696,384.23009644870217,384.2301855558674,384.29692682262066,384.2390071652246,384.09198034260396,383.98068549323835,383.99841781911806,384.0429714017304,383.92864690874717,383.958319594767,383.9627749530282
309,2021-10-08 10:28:00 EDT,3,0.875,-0.0007,-0.001,-0.001,8,true,-0.0011454170590780744,-0.001119126050517905,0.0261,0.003,10165.664,9980.664,0.542,1,384.34680121762307,384.21990932182155,384.32492330455386,384.2986698088707,384.28991864364303,384.3424256350092,384.3424256350092,384.25053840011844,384.1929557329202,384.0842662607923,383.9923790259015,384.09739300863384
309,2022-08-12 11:13:00 EDT,3,0.875,-0.0007,-0.001,-0.001,8,true,-0.0011454170590780744,-0.001119126050517905,0.0261,0.003,10165.664,9980.664,0.542,1,384.1634175201746,384.30309856197806,384.1769350403491,384.1769350403491,384.23100512104725,384.30309856197806,384.17783620836076,384.28507520174537,384.1453941599419,384.10078634336594,383.996701438022,383.8988345919584
309,2022-10-26 10:06:00 EDT,3,0.875,-0.0007,-0.001,-0.001,8,true,-0.0011454170590780744,-0.001119126050517905,0.0261,0.003,10165.664,9980.664,0.542,1,384.13,384.12,384.09,384.05,384.05,384.155,384.22,384.25,384.175,383.99,383.78,383.7738
327,2018-03-07 06:23:00 EST,3,0.8182,0.0011,-0.0008,-0.0005,11,true,-0.0012603597754267137,-0.0004368622673885067,0.0278,0.003,10070.122,9950.122,0.542,1,383.25646504089,383.05883739777505,383.35527886244756,383.34116260222504,383.2550534148678,383.3976276431151,383.4865600825168,383.52467398511754,383.63760406689755,383.65172032712,383.70818536801005,383.52467398511754
327,2018-03-26 06:29:00 EDT,3,0.8182,0.0011,-0.0008,-0.0005,11,true,-0.0012603597754267137,-0.0004368622673885067,0.0278,0.003,10070.122,9950.122,0.542,1,383.1121872971012,382.7463010350227,382.4682274758431,382.3365084214949,382.62921743115766,382.7170301340565,382.89265553985416,382.6877592330902,382.83411373792154,383.0185204140091,382.8633846388879,382.87802008937103
327,2018-11-23 08:00:00 EST,3,0.8182,0.0011,-0.0008,-0.0005,11,true,-0.0012603597754267137,-0.0004368622673885067,0.0278,0.003,10070.122,9950.122,0.542,1,383.1418071374336,386.86615034168574,386.8225056947608,386.8516021260441,387.18621108580106,387.0843735763098,386.97526195899775,386.54608959757024,386.98253606681857,386.76431283219443,387.1571146545179,387.25895216400914
327,2019-05-23 07:59:00 EDT,3,0.8182,0.0011,-0.0008,-0.0005,11,true,-0.0012603597754267137,-0.0004368622673885067,0.0278,0.003,10070.122,9950.122,0.542,1,383.1478330536582,383.1342124410363,383.32490101774266,383.2615651690509,383.3521422429864,383.3112804051208,383.37938346823023,383.32490101774266,383.406624693474,383.33852163036454,383.5973132701804,383.3521422429864
327,2020-06-17 10:03:00 EDT,3,0.8182,0.0011,-0.0008,-0.0005,11,true,-0.0012603597754267137,-0.0004368622673885067,0.0278,0.003,10070.122,9950.122,0.542,1,383.2244411136269,383.12667665911914,383.11445610230567,383.2733233408808,383.3955289090155,383.32831584654144,383.45663169308284,383.5177344771502,383.57883726121753,383.73770449979264,383.7254839429792,383.52995503396363
327,2020-11-20 10:57:00 EST,3,0.8182,0.0011,-0.0008,-0.0005,11,true,-0.0012603597754267137,-0.0004368622673885067,0.0278,0.003,10070.122,9950.122,0.542,1,383.08164330279357,382.9415322353999,382.9846101961666,382.67229498060817,385.0092743522006,385.0308133325839,385.0523523129673,384.9554269012422,384.93614951379914,385.1061997639256,385.0415828227755,385.03996739924685
327,2021-09-28 11:32:00 EDT,3,0.8182,0.0011,-0.0008,-0.0005,11,true,-0.0012603597754267137,-0.0004368622673885067,0.0278,0.003,10070.122,9950.122,0.542,1,383.11187765896284,383.48199149131887,383.28812234103714,383.2,383.3497198574221,383.4026813843854,383.57011383235596,383.2969345751408,383.1206898930665,383.42030585259283,383.3409957456594,383.61417500287456
327,2022-08-17 07:46:00 EDT,3,0.8182,0.0011,-0.0008,-0.0005,11,true,-0.0012603597754267137,-0.0004368622673885067,0.0278,0.003,10070.122,9950.122,0.542,1,383.13688025037055,383.04670917947146,383.0016236440219,382.9385038943925,383.0016236440219,383.1639315716403,383.2360684283596,382.992606536932,383.06474339365127,383.177637574417,383.2360684283596,383.2270513212697
327,2022-08-29 09:21:00 EDT,3,0.8182,0.0011,-0.0008,-0.0005,11,true,-0.0012603597754267137,-0.0004368622673885067,0.0278,0.003,10070.122,9950.122,0.542,1,383.35542269001496,383.11361191543403,383.23489661374344,383.0472324871177,383.1230946909078,383.114370537472,383.2416293843298,383.4265435060682,383.4964315613098,383.5403368117533,383.72999232122856,383.711026770281
327,2022-09-29 10:20:00 EDT,3,0.8182,0.0011,-0.0008,-0.0005,11,true,-0.0012603597754267137,-0.0004368622673885067,0.0278,0.003,10070.122,9950.122,0.542,1,382.9977387004472,383.0616106897796,383.2958079839986,383.3832061560685,383.16806400533375,383.16806400533375,383.20170325304883,383.3490346417757,383.7109759146595,384.1793705030974,384.0196905297663,383.97710920354467
327,2022-10-26 10:24:00 EDT,3,0.8182,0.0011,-0.0008,-0.0005,11,true,-0.0012603597754267137,-0.0004368622673885067,0.0278,0.003,10070.122,9950.122,0.542,1,383.06,383.1,383.0899,383.14,382.74,382.72,382.77,382.59,382.64,382.68,382.69,382.66
348,2016-06-16 06:41:00 EDT,3,0.7059,0.001,0.0001,0.0007,17,false,0.0,0.0,0.029,0.003,10074.58,10004.58,0.542,1,382.6753045861298,382.8557284544305,382.982211166229,382.9450103686412,382.97291096683205,383.0380123626107,383.1124139577862,383.0659129608015,383.0380123626107,383.0380123626107,382.982211166229,382.85200837467175
348,2016-12-08 05:04:00 EST,3,0.7059,0.001,0.0001,0.0007,17,false,0.0,0.0,0.029,0.003,10074.58,10004.58,0.542,1,382.4528760435936,382.4528760435936,382.6063072589093,382.6915468229735,382.5892593460964,382.7767863870378,382.70859473578645,382.64040308453497,382.53811560765786,382.33354065390364,382.4187802179679,382.5040197820322
348,2018-03-08 08:26:00 EST,3,0.7059,0.001,0.0001,0.0007,17,false,0.0,0.0,0.029,0.003,10074.58,10004.58,0.542,1,382.22023212670024,382.2510791802618,382.13890807640144,382.3772716721047,382.3912930600873,382.30716473219206,382.3772716721047,382.3632502841222,382.4473786120175,382.5132791355355,382.50346416394774,382.4894427759652
348,2018-10-04 10:23:00 EDT,3,0.7059,0.001,0.0001,0.0007,17,false,0.0,0.0,0.029,0.003,10074.58,10004.58,0.542,1,382.6873781662727,382.6740853329626,382.6076211664117,382.6740853329626,382.6076211664117,382.7405494995134,382.7671351661337,382.9133563325455,382.8601849993048,382.9340931525094,382.873477832615,382.9266491658557
348,2019-03-04 05:15:00 EST,3,0.7059,0.001,0.0001,0.0007,17,false,0.0,0.0,0.029,0.003,10074.58,10004.58,0.542,1,382.6518959299844,382.6382890778426,382.73353704283477,382.7607507471183,382.8832124163939,382.95124667710263,382.89681926853564,382.8832124163939,382.8969553370571,382.8883830202078,382.9376398249609,382.89681926853564
348,2019-07-18 07:26:00 EDT,3,0.7059,0.001,0.0001,0.0007,17,false,0.0,0.0,0.029,0.003,10074.58,10004.58,0.542,1,382.54504593798896,382.58365175552234,382.60938896721126,382.5193087263001,382.487137211689,382.41635987954453,382.40349127370007,382.1073846532192,382.2104621860333,382.2876738211,382.1525534597332,382.1203819451221
348,2019-08-23 10:47:00 EDT,3,0.7059,0.001,0.0001,0.0007,17,false,0.0,0.0,0.029,0.003,10074.58,10004.58,0.542,1,382.1267881014873,382.07325019772526,382.18032600524936,382.1267881014873,382.14686481539803,382.3007862887139,382.3007862887139,382.2740173368329,382.1134036255468,382.1669415293088,382.54170685564304,382.59511091464566
348,2019-09-06 05:39:00 EDT,3,0.7059,0.001,0.0001,0.0007,17,false,0.0,0.0,0.029,0.003,10074.58,10004.58,0.542,1,382.48722636807986,382.44867955005026,382.4229816713639,382.44867955005026,382.43583061070706,382.4390428455429,382.2687943992456,382.3971553032841,382.5771689434822,382.6992338672425,382.88554348771873,383.1168243958962
348,2019-10-02 08:16:00 EDT,3,0.7059,0.001,0.0001,0.0007,17,false,0.0,0.0,0.029,0.003,10074.58,10004.58,0.542,1,382.4481016203059,382.3683113421418,382.42150486091793,382.4348032406119,382.4348032406119,382.3132560502086,382.3417145827538,382.25567406613345,382.3816097218359,382.4348032406119,382.4481016203059,382.4733685417246
348,2020-08-26 10:59:00 EDT,3,0.7059,0.001,0.0001,0.0007,17,false,0.0,0.0,0.029,0.003,10074.58,10004.58,0.542,1,382.47651939381853,382.43237517828993,382.2723523969987,382.49859150158284,382.61998809428655,382.5868799326401,382.4875554477007,382.82415509110643,382.9731418185155,383.08350235733707,383.08350235733707,383.1055744651013
348,2021-07-15 07:06:00 EDT,3,0.7059,0.001,0.0001,0.0007,17,false,0.0,0.0,0.029,0.003,10074.58,10004.58,0.542,1,382.68159010224764,383.0039484119381,383.0471056719786,382.9986638494842,382.91499161063007,382.86144137776347,382.89297260040536,382.8489345799558,383.0805745675203,383.09995129651804,383.04781028030584,383.1131627026529
348,2022-07-19 10:31:00 EDT,3,0.7059,0.001,0.0001,0.0007,17,false,0.0,0.0,0.029,0.003,10074.58,10004.58,0.542,1,382.5688796362058,382.69590102444886,382.68808432363386,382.76429715657974,382.6372757683367,382.71544277648627,382.71544277648627,382.76429715657974,382.7007864624582,382.55910876018703,382.50048350407485,382.47117087601873
348,2022-10-26 10:45:00 EDT,3,0.7059,0.001,0.0001,0.0007,17,false,0.0,0.0,0.029,0.003,10074.58,10004.58,0.542,1,382.22,382.33,382.3301,382.4,382.27,382.33,382.22,382.28,382.22,382.36,382.35,382.22
348,2022-12-28 10:47:00 EST,3,0.7059,0.001,0.0001,0.0007,17,false,0.0,0.0,0.029,0.003,10074.58,10004.58,0.542,1,382.61880823929266,382.6137305541542,382.9742461989857,382.82699332997004,382.90315860704715,382.84730407052393,382.8676148110778,382.62388592443114,382.6492743501235,382.7051288866467,382.8065810357134,382.68481814609277
348,2022-12-30 09:07:00 EST,3,0.7059,0.001,0.0001,0.0007,17,false,0.0,0.0,0.029,0.003,10074.58,10004.58,0.542,1,382.40084563014574,382.4311228150729,382.4109380251215,382.27973689043705,382.3402912602914,382.1687205457041,382.2595521004856,382.5320467648301,382.4109380251215,382.1586281507284,382.1586281507284,382.20909012560696
348,2023-08-17 11:12:00 EDT,3,0.7059,0.001,0.0001,0.0007,17,false,0.0,0.0,0.029,0.003,10074.58,10004.58,0.542,1,382.2432711179826,382.29495627476587,382.2073543141163,382.1460329416616,381.7896681657391,382.03626768496764,382.1197523534667,382.1241324514992,382.3562776472206,382.3387572550906,382.2861960787009,382.17669362788894
348,2024-05-23 06:54:00 EDT,3,0.7059,0.001,0.0001,0.0007,17,false,0.0,0.0,0.029,0.003,10074.58,10004.58,0.542,1,382.39635334647994,382.3132582319388,382.1075779701422,381.9567650298498,382.038993818262,381.9487515131564,381.94153212874795,382.1869911986351,382.33137888680403,382.39635334647994,382.4071824230927,382.3819145776631
370,2016-08-02 06:11:00 EDT,3,0.8,0.0009,-0.0015,-0.0014,10,true,-0.0005465037653181872,-0.0008787544464715339,0.03,0.003,10034.038,9939.038,0.542,1,381.3730328180143,381.461415907891,381.3023263461129,381.3748004798118,381.5497989977677,381.461415907891,381.28464972813754,381.35535620003895,380.9664706045814,380.9664706045814,380.86924920571704,381.0902069304088
370,2016-09-14 06:59:00 EDT,3,0.8,0.0009,-0.0015,-0.0014,10,true,-0.0005465037653181872,-0.0008787544464715339,0.03,0.003,10034.038,9939.038,0.542,1,381.93791380036504,381.81288736019474,382.09866208058406,382.22368852075437,382.3308540409004,382.04507932051104,382.2594103608031,382.20582760073006,382.06294024053534,381.7950264401703,381.9021919603164,381.72358276007304
370,2018-10-25 09:14:00 EDT,3,0.8,0.0009,-0.0015,-0.0014,10,true,-0.0005465037653181872,-0.0008787544464715339,0.03,0.003,10034.038,9939.038,0.542,1,381.6274250762253,381.698241366104,381.65580835874175,381.7693414888079,381.513891946159,381.55646686993384,381.52808358741726,381.67,381.85449133635757,381.92544954264895,381.92544954264895,381.85449133635757
370,2019-02-20 07:32:00 EST,3,0.8,0.0009,-0.0015,-0.0014,10,true,-0.0005465037653181872,-0.0008787544464715339,0.03,0.003,10034.038,9939.038,0.542,1,381.75247568969246,381.7662216379745,381.6150162068717,381.57377836202545,381.6631270258589,381.7799675862566,381.86244327594903,381.8212054311028,381.91742706907723,381.90368112079517,381.91742706907723,381.9449189656415
370,2019-09-03 07:17:00 EDT,3,0.8,0.0009,-0.0015,-0.0014,10,true,-0.0005465037653181872,-0.0008787544464715339,0.03,0.003,10034.038,9939.038,0.542,1,381.8016330401794,381.6831633040179,381.72265321607176,381.9332660803587,382.09556961889984,382.1043890325918,382.09701758234183,382.0122459044663,382.1833688566994,381.9990826004484,382.2360220727712,382.28867528884297
370,2020-04-23 07:50:00 EDT,3,0.8,0.0009,-0.0015,-0.0014,10,true,-0.0005465037653181872,-0.0008787544464715339,0.03,0.003,10034.038,9939.038,0.542,1,381.5617248226951,381.8324127659575,381.9136191489362,381.69706879432624,381.54142322695037,381.6632328014185,381.87978315602834,382.0151271276596,381.99482553191496,381.8324127659575,382.06249751773055,382.0286615248227
370,2020-06-09 10:26:00 EDT,3,0.8,0.0009,-0.0015,-0.0014,10,true,-0.0005465037653181872,-0.0008787544464715339,0.03,0.003,10034.038,9939.038,0.542,1,381.68188966075826,381.6582292358494,381.6937793215165,381.7888966075824,381.6700000000001,381.75322762530766,381.87212423289003,382.0148001619888,382.0148001619888,382.0623588050217,381.7888966075824,381.7651172860659
370,2022-02-22 08:48:00 EST,3,0.8,0.0009,-0.0015,-0.0014,10,true,-0.0005465037653181872,-0.0008787544464715339,0.03,0.003,10034.038,9939.038,0.542,1,381.5330968243212,381.3489241482451,381.295411506286,381.1883862223676,381.11703603308877,381.09473909893916,381.0100107491705,380.6443410291163,381.0100107491705,380.86731037061276,380.75867970743565,380.84055404963317
370,2022-08-03 05:31:00 EDT,3,0.8,0.0009,-0.0015,-0.0014,10,true,-0.0005465037653181872,-0.0008787544464715339,0.03,0.003,10034.038,9939.038,0.542,1,383.9879301916385,383.55000955741804,383.98961378228694,384.2607654094986,383.9147875312454,384.07388684752243,384.5309817085723,384.65369676028035,384.93429520168604,384.82196229230993,384.6910163529873,384.6887715654561
370,2022-10-26 11:07:00 EDT,3,0.8,0.0009,-0.0015,-0.0014,10,true,-0.0005465037653181872,-0.0008787544464715339,0.03,0.003,10034.038,9939.038,0.542,1,381.62,381.77,381.675,382.03,381.82,381.62,381.71,381.93,382.15,382.09,382.2299,382.37
385,2016-11-07 05:38:00 EST,3,0.75,-0.0007,-0.0,-0.0001,12,false,0.0,0.0,0.0314,0.003,10033.496,9938.496,0.542,1,382.41,382.4460560060343,382.37394399396567,382.3378879879314,382.2838039788799,382.3198599849142,382.30183198189707,382.3198599849142,382.41,382.41,382.37394399396567,382.3919719969829
385,2018-02-23 05:48:00 EST,3,0.75,-0.0007,-0.0,-0.0001,12,false,0.0,0.0,0.0314,0.003,10033.496,9938.496,0.542,1,382.43811734862686,382.3397066284328,382.2131785596118,382.24129590823867,382.3115892798059,382.38188265137313,382.45217602294036,382.3959413256866,382.3115892798059,382.32564795411935,382.3537653027463,382.3959413256866
385,2018-11-26 10:03:00 EST,3,0.75,-0.0007,-0.0,-0.0001,12,false,0.0,0.0,0.0314,0.003,10033.496,9938.496,0.542,1,382.27910209624355,382.579523514701,382.6224408601949,382.4364656963879,382.33632522356874,382.36493678723133,382.4364656963879,382.2647963144122,382.1789616234243,382.06451536877387,382.0818253647898,382.1360442779304
385,2019-05-30 10:59:00 EDT,3,0.75,-0.0007,-0.0,-0.0001,12,false,0.0,0.0,0.0314,0.003,10033.496,9938.496,0.542,1,382.47865283113714,382.62282377652514,382.4374611324548,382.3962694337726,382.32747929697325,382.2040415065887,382.2177720728161,382.2040415065887,381.8882384833579,381.7863576819504,381.83331621844815,381.97062188072243
385,2019-09-03 07:52:00 EDT,3,0.75,-0.0007,-0.0,-0.0001,12,false,0.0,0.0,0.0314,0.003,10033.496,9938.496,0.542,1,382.3837057792141,382.4757355519648,382.39685288960703,382.42314711039296,382.26538178567745,382.13391068174786,382.2522346752845,382.12076357135487,382.094469350569,382.14705779214086,382.0418809089971,382.0418809089971
385,2020-06-02 06:04:00 EDT,3,0.75,-0.0007,-0.0,-0.0001,12,false,0.0,0.0,0.0314,0.003,10033.496,9938.496,0.542,1,382.4224811514736,382.5348115147362,382.5472926662098,382.5348115147362,382.60969842357787,382.5597738176834,382.5597738176834,382.572254969157,382.51034845784784,382.3600753941056,382.29766963673757,382.4083774503084
385,2021-03-19 11:40:00 EDT,3,0.75,-0.0007,-0.0,-0.0001,12,false,0.0,0.0,0.0314,0.003,10033.496,9938.496,0.542,1,382.19493775403265,382.3122444336512,382.361219972392,382.4109775556635,382.3806733300954,382.2633666504768,382.2829177637465,382.3562344385082,381.9994266213349,381.8723443850814,381.90167105498614,381.9700999514303
385,2022-10-26 11:22:00 EDT,3,0.75,-0.0007,-0.0,-0.0001,12,false,0.0,0.0,0.0314,0.003,10033.496,9938.496,0.542,1,382.4201,382.27,382.12,382.17,382.23,381.9476,381.971,382.21,382.31,382.41,382.31,382.5301
385,2023-03-08 09:15:00 EST,3,0.75,-0.0007,-0.0,-0.0001,12,false,0.0,0.0,0.0314,0.003,10033.496,9938.496,0.542,1,382.2079924032801,382.30899620164007,382.236850631383,382.2937013407456,382.23694682547665,382.3129401594808,382.4196194093676,382.53505232177895,382.39085737535845,382.458097046838,382.36671265784577,382.4774320596669
385,2023-03-28 06:14:00 EDT,3,0.75,-0.0007,-0.0,-0.0001,12,false,0.0,0.0,0.0314,0.003,10033.496,9938.496,0.542,1,382.34253460097796,382.4197482193151,382.3618380055623,382.4680067307758,382.5307427956747,382.5162652422365,382.44976501344365,382.4293999216072,382.1784556620115,382.1495005551351,382.0529835322136,382.13975233582
385,2023-10-27 06:59:00 EDT,3,0.75,-0.0007,-0.0,-0.0001,12,false,0.0,0.0,0.0314,0.003,10033.496,9938.496,0.542,1,382.5766474488598,382.63216575497626,382.4378516835685,382.46561083662675,382.4378516835685,382.45635778560734,382.4424782090782,382.8542389794423,382.8033471988355,383.0300469488112,382.97452864269474,382.93760896912727
385,2024-07-16 11:13:00 EDT,3,0.75,-0.0007,-0.0,-0.0001,12,false,0.0,0.0,0.0314,0.003,10033.496,9938.496,0.542,1,382.330839122716,382.1952219005882,382.14100212162657,382.20877684532866,382.21894305388395,382.1748894834776,382.1748894834776,382.0867145679412,382.0664499255543,382.0800048702947,382.0568936895124,382.1138922321457
411,2016-06-16 07:08:00 EDT,3,0.8571,-0.0011,0.0008,0.0008,7,true,-0.0012490655608966069,-0.0008950554822295953,0.0319,0.003,9937.954,9872.954,0.542,1,382.84352544674243,382.91777028829136,382.8992090779041,382.8620866571297,382.973453919453,382.9920151298402,382.95489270906575,383.1033823921635,382.93633149867856,382.80640302596805,382.7692806051936,382.70431636883836
411,2020-09-14 09:58:00 EDT,3,0.8571,-0.0011,0.0008,0.0008,7,true,-0.0012490655608966069,-0.0008950554822295953,0.0319,0.003,9937.954,9872.954,0.542,1,382.8013277738017,382.64324339313936,382.677118617567,382.48323941642616,382.2819076659112,382.4174085636218,382.42870030509766,382.64324339313936,382.90295344708466,383.0158708618434,383.04748773797587,383.04974608627106
411,2021-08-26 07:25:00 EDT,3,0.8571,-0.0011,0.0008,0.0008,7,true,-0.0012490655608966069,-0.0008950554822295953,0.0319,0.003,9937.954,9872.954,0.542,1,382.5377186124947,382.477873623551,382.69374304795514,382.62321145384294,382.665957874517,382.571915749034,382.4073420294387,382.36673292979833,382.332535793259,382.34108507739387,382.456500413214,382.34963436152873
411,2021-10-05 08:13:00 EDT,3,0.8571,-0.0011,0.0008,0.0008,7,true,-0.0012490655608966069,-0.0008950554822295953,0.0319,0.003,9937.954,9872.954,0.542,1,382.9052215502771,382.8128958495252,382.6983908574582,382.583973878452,382.62798040883905,382.59277518452944,382.55756996021984,382.47395755248453,382.2934427648371,382.13510726850467,382.28472947182047,382.1087033502725
411,2021-10-22 05:42:00 EDT,3,0.8571,-0.0011,0.0008,0.0008,7,true,-0.0012490655608966069,-0.0008950554822295953,0.0319,0.003,9937.954,9872.954,0.542,1,382.80257296056755,382.82786382823144,382.81943353901016,382.77728209290365,382.82786382823144,382.44850081327314,382.4652770888235,382.18623451559864,382.24617387196207,382.22931329351945,382.30518589651115,382.3009707519005
411,2022-10-26 11:48:00 EDT,3,0.8571,-0.0011,0.0008,0.0008,7,true,-0.0012490655608966069,-0.0008950554822295953,0.0319,0.003,9937.954,9872.954,0.542,1,382.76,382.55,382.62,382.14,382.18,382.45,382.32,382.619,382.34,382.22,382.07,381.885
411,2023-05-11 07:06:00 EDT,3,0.8571,-0.0011,0.0008,0.0008,7,true,-0.0012490655608966069,-0.0008950554822295953,0.0319,0.003,9937.954,9872.954,0.542,1,382.8808392650561,382.7367437904049,382.6762776454577,382.68558012929566,382.59255529091524,382.7227900646479,382.620369717591,382.6111602585914,382.52743790404895,382.67162640353865,382.79720993535216,382.7233482136781
477,2016-11-09 04:58:00 EST,3,0.7778,0.0015,0.0008,0.001,9,false,0.0,0.0,0.0296,0.003,9992.412,9947.412,0.542,1,384.0679295051354,384.1217180205416,384.44444911297853,384.0858590102708,383.71830415499534,383.9244934640523,383.5121148459384,383.26110177404297,383.5479738562091,383.26110177404297,383.3866083099907,383.18041900093374
477,2018-11-16 07:46:00 EST,3,0.7778,0.0015,0.0008,0.001,9,false,0.0,0.0,0.0296,0.003,9992.412,9947.412,0.542,1,384.8359236250686,384.87802667641154,385.4394006943176,385.1587136853646,385.01837018088804,384.7657518728304,384.73768317193503,384.4289274620867,384.47103051342964,384.3166526585054,384.3026183080578,384.23244655581954
477,2021-01-07 05:09:00 EST,3,0.7778,0.0015,0.0008,0.001,9,false,0.0,0.0,0.0296,0.003,9992.412,9947.412,0.542,1,384.100749246789,384.18194804165125,384.25299698715577,384.293596384587,384.0601498493578,384.0398501506422,384.1210489455045,384.2936978830805,384.4255444262382,384.57454421481054,384.46614382366937,384.6082417146784
477,2022-01-11 06:22:00 EST,3,0.7778,0.0015,0.0008,0.001,9,false,0.0,0.0,0.0296,0.003,9992.412,9947.412,0.542,1,384.4867856912942,384.4785444518358,384.2931165640222,384.2807547048347,384.4249763953563,384.37964957833526,384.2560309864595,384.3466846205017,384.4785444518358,384.4290970150855,384.3549258599601,384.3384433810433
477,2022-06-23 11:38:00 EDT,3,0.7778,0.0015,0.0008,0.001,9,false,0.0,0.0,0.0296,0.003,9992.412,9947.412,0.542,1,384.16186119790285,383.85678520362234,383.9381388020971,384.3499913943759,384.3245683948525,384.3550759942805,384.2940607954244,384.1516919980935,384.44659879256477,384.6296443891331,384.70082878779857,384.6296443891331
477,2022-10-20 06:15:00 EDT,3,0.7778,0.0015,0.0008,0.001,9,false,0.0,0.0,0.0296,0.003,9992.412,9947.412,0.542,1,383.8619369444594,384.30344031137207,384.0086219899801,384.3810240801594,384.4534355976943,385.06386469051336,385.2602033480579,385.31202930560795,385.09996700425575,384.9810052254485,385.1051392555082,384.8051486828638
477,2022-10-27 06:24:00 EDT,3,0.7778,0.0015,0.0008,0.001,9,false,0.0,0.0,0.0296,0.003,9992.412,9947.412,0.542,1,383.95,384.15,384.64,384.3258,384.3454,384.17,384.548,384.555,384.7,384.8924,384.51,384.28
477,2023-01-03 09:53:00 EST,3,0.7778,0.0015,0.0008,0.001,9,false,0.0,0.0,0.0296,0.003,9992.412,9947.412,0.542,1,383.8277488425926,383.9590790719697,383.9085674452862,384.0398976746633,383.85805581860274,383.8176465172559,383.83785116792933,383.9186697706229,384.3429674347643,384.32276278409097,383.76208372790404,383.9994883733165
477,2023-01-06 05:45:00 EST,3,0.7778,0.0015,0.0008,0.001,9,false,0.0,0.0,0.0296,0.003,9992.412,9947.412,0.542,1,383.72046335058116,383.79036506409426,384.0200421227802,384.0200421227802,384.1898034270263,384.66912946254456,384.6692293221353,384.6391715853247,384.5692698718116,384.71905925791106,384.68910138069117,384.6391715853247
487,2018-11-12 07:10:00 EST,3,0.875,-0.0015,-0.0015,-0.0005,8,true,-0.0018247753678425217,-0.0004852567226129123,0.0311,0.003,9851.87,9911.87,0.542,1,384.85735562232543,384.7452136137668,384.71717811162705,384.59101835199857,384.46485859237004,384.5209295966494,384.5349473477192,384.7311958626969,384.8153023691159,384.7311958626969,384.58541125157063,384.4438319657653
487,2021-06-16 11:08:00 EDT,3,0.875,-0.0015,-0.0015,-0.0005,8,true,-0.0018247753678425217,-0.0004852567226129123,0.0311,0.003,9851.87,9911.87,0.542,1,385.0063476582391,384.9881160329208,385.0519267215347,385.26159041269466,385.4530224785363,385.2980536633312,385.26432515649236,385.4347908532181,385.56241223044583,385.6490124507076,385.57717984695364,385.4712541038546
487,2021-09-30 10:10:00 EDT,3,0.875,-0.0015,-0.0015,-0.0005,8,true,-0.0018247753678425217,-0.0004852567226129123,0.0311,0.003,9851.87,9911.87,0.542,1,385.05687253366597,384.99686228489594,384.7778915549396,384.7412630771718,384.8657287783244,384.88350959277483,384.4123180098399,384.4300988242903,384.4034276026147,384.39453719538955,384.1900578292102,384.3234139375881
487,2022-04-07 11:14:00 EDT,3,0.875,-0.0015,-0.0015,-0.0005,8,true,-0.0018247753678425217,-0.0004852567226129123,0.0311,0.003,9851.87,9911.87,0.542,1,384.7385353587847,384.9436882137384,384.9736063384192,385.01198701836677,384.6872471450463,384.6616030381771,384.58150794438893,384.3623363110134,384.3111335776312,384.221379203589,384.10598072267754,384.165816972039
487,2022-10-27 06:34:00 EDT,3,0.875,-0.0015,-0.0015,-0.0005,8,true,-0.0018247753678425217,-0.0004852567226129123,0.0311,0.003,9851.87,9911.87,0.542,1,384.51,384.28,384.0539,383.67,383.37,383.65,383.54,383.44,383.17,383.03,383.06,382.81
487,2023-05-18 06:35:00 EDT,3,0.875,-0.0015,-0.0015,-0.0005,8,true,-0.0018247753678425217,-0.0004852567226129123,0.0311,0.003,9851.87,9911.87,0.542,1,384.9966081659938,384.75868155691063,384.8601231344267,384.91167389972804,384.84158699162606,384.95234275035045,384.8140133264648,384.7955694032801,384.6480180178022,384.41285799719674,384.3160274004768,384.18682771856766
487,2023-08-10 06:01:00 EDT,3,0.875,-0.0015,-0.0015,-0.0005,8,true,-0.0018247753678425217,-0.0004852567226129123,0.0311,0.003,9851.87,9911.87,0.542,1,385.0971254626449,385.16963239733167,385.24171282063793,385.0971254626449,385.0416789831786,384.9862325037123,385.02035341415313,384.86680931716944,385.0630045522041,385.0459440969837,384.8924,384.79003726867757
487,2024-06-04 10:23:00 EDT,3,0.875,-0.0015,-0.0015,-0.0005,8,true,-0.0018247753678425217,-0.0004852567226129123,0.0311,0.003,9851.87,9911.87,0.542,1,384.993374965878,384.9424870775228,385.0225681607714,384.68768363082273,384.63672294148273,384.81872540341135,384.8551258957971,385.06624875163425,384.82607830287327,384.7677647140713,384.8405656988428,384.81872540341135
505,2019-01-22 09:56:00 EST,3,0.7143,-0.001,-0.0006,-0.0006,7,true,-0.0010508521039886358,-0.0012145823876348527,0.032,0.003,9771.328,9821.328,0.542,1,383.3538531971852,383.22195531971846,383.4564404352148,383.515061714089,383.52971703380746,383.5736829929631,383.50040639437043,383.1486787211258,383.42712979577783,383.0534191429554,383.1047127619703,382.8409170070368
505,2020-04-30 06:55:00 EDT,3,0.7143,-0.001,-0.0006,-0.0006,7,true,-0.0010508521039886358,-0.0012145823876348527,0.032,0.003,9771.328,9821.328,0.542,1,383.4279258179317,383.3702682354412,383.7520193523875,383.64670869943683,383.42292356191655,383.1201554346833,383.71252785753103,384.0021321531454,383.89682150019473,384.2259172906657,384.06795131123965,383.7520193523875
505,2020-08-27 09:04:00 EDT,3,0.7143,-0.001,-0.0006,-0.0006,7,true,-0.0010508521039886358,-0.0012145823876348527,0.032,0.003,9771.328,9821.328,0.542,1,383.05273641025633,383.01961564102555,382.77672999999993,383.32874282051273,383.5230513333333,383.65995051282044,383.6820310256409,383.61998478461527,384.0021984615384,384.02185011794865,384.0021984615384,384.0629198717948
505,2020-09-17 08:03:00 EDT,3,0.7143,-0.001,-0.0006,-0.0006,7,true,-0.0010508521039886358,-0.0012145823876348527,0.032,0.003,9771.328,9821.328,0.542,1,383.0816095595909,383.0562429434356,383.0987491651012,383.1273151742851,382.8759342934669,382.44173095387185,382.4303045501983,382.38219939073264,382.24736782738466,381.9046899812148,381.6647355040701,381.77899954080567
505,2021-01-28 09:27:00 EST,3,0.7143,-0.001,-0.0006,-0.0006,7,true,-0.0010508521039886358,-0.0012145823876348527,0.032,0.003,9771.328,9821.328,0.542,1,383.0664149632353,383.1569839154412,383.287705103125,383.22239482536764,383.16000288051464,383.2046835636029,383.16704713235293,383.0664149632353,383.0664149632353,382.9657827941176,382.8752138419118,382.8349609742647
505,2021-07-27 07:31:00 EDT,3,0.7143,-0.001,-0.0006,-0.0006,7,true,-0.0010508521039886358,-0.0012145823876348527,0.032,0.003,9771.328,9821.328,0.542,1,382.9009022410563,382.80460580253117,382.7345720290583,382.6957908269978,382.67329247726957,382.8221142458994,382.62952136884905,382.63827559053317,382.48069960021934,382.58575026042854,382.76958891579477,382.9884444578974
505,2022-10-27 06:52:00 EDT,3,0.7143,-0.001,-0.0006,-0.0006,7,true,-0.0010508521039886358,-0.0012145823876348527,0.032,0.003,9771.328,9821.328,0.542,1,383.2,383.34,383.56,383.42,383.38,383.28,383.186,382.685,382.19,382.06,382.78,382.49
514,2018-04-02 11:36:00 EDT,3,0.8333,0.0014,0.0065,0.0069,6,true,0.0020742016280525543,0.002336869697019518,0.0334,0.003,9925.786,9995.786,0.542,1,382.9827391202254,382.9528244364433,383.2070992485911,382.99769646211644,382.863080385097,382.6835922824045,383.0276111458985,383.08744051346275,383.3566726675016,383.55111811208513,383.9250516593613,384.6878760958046
514,2018-10-24 05:51:00 EDT,3,0.8333,0.0014,0.0065,0.0069,6,true,0.0020742016280525543,0.002336869697019518,0.0334,0.003,9925.786,9995.786,0.542,1,382.1197769759134,382.323017265186,382.48420783943675,382.4141249810669,382.372075266045,382.58372549832205,382.5122409827847,382.5683072694806,382.5122409827847,382.344042122697,381.86747868578186,382.20387640595726
514,2019-01-07 08:49:00 EST,3,0.8333,0.0014,0.0065,0.0069,6,true,0.0020742016280525543,0.002336869697019518,0.0334,0.003,9925.786,9995.786,0.542,1,382.19,382.1302055405247,381.96520879896485,381.9100600243109,382.0251531192409,382.01016703917185,382.0701113594479,382.19,382.175013919931,382.11506959965493,381.98019487903383,381.9052644786888
514,2020-07-21 06:29:00 EDT,3,0.8333,0.0014,0.0065,0.0069,6,true,0.0020742016280525543,0.002336869697019518,0.0334,0.003,9925.786,9995.786,0.542,1,382.4834413205112,382.5187857932899,382.5305281430502,382.7007922145754,382.8826812123633,382.888669810741,382.73014808897625,382.6244669411331,382.5187857932899,382.8240868870591,382.941392961165,382.8220906875998
514,2022-02-18 04:37:00 EST,3,0.8333,0.0014,0.0065,0.0069,6,true,0.0020742016280525543,0.002336869697019518,0.0334,0.003,9925.786,9995.786,0.542,1,382.5753516350054,382.8468493778501,382.9694612617154,382.76802745250814,382.4965297096634,381.979808199088,382.032356149316,382.10242008295336,381.8834702903367,381.9885661907927,382.23378995852335,382.56659364330073
514,2022-10-27 07:01:00 EDT,3,0.8333,0.0014,0.0065,0.0069,6,true,0.0020742016280525543,0.002336869697019518,0.0334,0.003,9925.786,9995.786,0.542,1,382.06,382.78,382.49,382.6983,382.64,382.7332,382.8,382.67,382.72,382.8982,383.2562,382.71
553,2018-12-11 07:06:00 EST,3,1.0,-0.0007,-0.0007,-0.0006,4,true,-0.0007842440922743578,0.00002750469344835698,0.0329,0.003,9870.244,9995.244,0.542,1,381.6322556044745,381.32246938891194,381.03416206870486,380.8828007255962,381.1855234118136,380.630531820415,380.7386470654926,380.5800780393787,380.85396999357545,380.6954009674615,380.3638475492234,380.49358584331657
553,2020-03-03 07:56:00 EST,3,1.0,-0.0007,-0.0007,-0.0006,4,true,-0.0007842440922743578,0.00002750469344835698,0.0329,0.003,9870.244,9995.244,0.542,1,381.3785074084996,380.74507798420655,381.0950389921033,381.5824846816737,381.3575097480258,380.3076267243356,380.4951058357089,380.37011976146005,380.11664800288344,380.35762115403514,380.05765457583794,380.43261279858444
553,2020-10-26 08:34:00 EDT,3,1.0,-0.0007,-0.0007,-0.0006,4,true,-0.0007842440922743578,0.00002750469344835698,0.0329,0.003,9870.244,9995.244,0.542,1,381.2474507627884,381.2700278184697,381.1458540122224,381.4054901525577,381.20229665142574,381.1345654843817,381.1684310679038,381.2700278184697,381.23616223494776,381.1797195957444,381.11198842870044,381.1684310679038
553,2022-10-27 07:40:00 EDT,3,1.0,-0.0007,-0.0007,-0.0006,4,true,-0.0007842440922743578,0.00002750469344835698,0.0329,0.003,9870.244,9995.244,0.542,1,381.395,381.42,381.49,381.4349,380.97,381.1615,381.04,381.0601,381.5599,381.445,381.47,381.3
559,2017-01-11 06:40:00 EST,3,0.7692,0.0009,0.0036,0.0039,13,true,0.001213149249565112,0.001758139429905853,0.0344,0.01,9959.702,10124.702,0.542,1,381.31343115284113,381.3303123920457,381.3809561096594,381.516006023296,381.49068416448915,381.78610585056913,381.6848184153417,381.78610585056913,381.98868072102397,381.870512046592,381.8029870897737,381.8029870897737
559,2018-01-24 06:40:00 EST,3,0.7692,0.0009,0.0036,0.0039,13,true,0.001213149249565112,0.001758139429905853,0.0344,0.01,9959.702,10124.702,0.542,1,381.3097803968029,381.56590108218984,381.5119809378978,381.5524210461169,381.5928611543358,381.7546215872117,381.7007014429198,381.82202176757676,381.6602613347008,381.6467812986278,381.48502086575184,381.49176088378834
559,2018-10-19 07:39:00 EDT,3,0.7692,0.0009,0.0036,0.0039,13,true,0.001213149249565112,0.001758139429905853,0.0344,0.01,9959.702,10124.702,0.542,1,381.1340289009009,381.2437759418018,381.1340289009009,381.12029335135134,381.0241445045044,381.18897109909904,381.22330997297297,381.3675332432432,381.3950043423423,381.4224754414414,381.18897109909904,381.2164421981982
559,2019-05-08 11:53:00 EDT,3,0.7692,0.0009,0.0036,0.0039,13,true,0.001213149249565112,0.001758139429905853,0.0344,0.01,9959.702,10124.702,0.542,1,381.06890159297564,380.9763031859513,380.8307914034844,380.460397775387,380.55299618241133,380.460397775387,380.5000828069688,380.3545710245019,377.3385086242799,377.5898471576317,377.6692172207955,377.4112645155133
559,2019-08-15 09:51:00 EDT,3,0.7692,0.0009,0.0036,0.0039,13,true,0.001213149249565112,0.001758139429905853,0.0344,0.01,9959.702,10124.702,0.542,1,380.8655253776649,381.0269660807568,380.67717789072424,379.9506947268107,380.32738970069175,380.2601227410701,380.55609736340534,380.27357613299455,380.27357613299455,380.2870295249188,380.2332159572215,380.6435444109135
559,2019-08-30 07:21:00 EDT,3,0.7692,0.0009,0.0036,0.0039,13,true,0.001213149249565112,0.001758139429905853,0.0344,0.01,9959.702,10124.702,0.542,1,381.18109262717815,381.16803087572606,381.16803087572606,381.07150453249494,380.8545488408752,380.69780782344975,380.8806723437795,381.07659861556124,381.154969124274,381.1156532524031,381.4423276562205,381.49457466202904
559,2020-06-11 09:47:00 EDT,3,0.7692,0.0009,0.0036,0.0039,13,true,0.001213149249565112,0.001758139429905853,0.0344,0.01,9959.702,10124.702,0.542,1,381.04869324235443,381.03615915817164,381.5341383227556,381.3244430943768,381.70334845922395,381.38711351529093,381.4247157678395,381.12389774745145,381.98361058155206,382.3773061657349,381.93861321933576,381.67539745149617
559,2020-09-09 11:48:00 EDT,3,0.7692,0.0009,0.0036,0.0039,13,true,0.001213149249565112,0.001758139429905853,0.0344,0.01,9959.702,10124.702,0.542,1,380.97139451371567,380.81483705442275,381.11676929734483,380.83720240575025,380.81483705442275,381.5417109725685,381.49698026991337,381.7095629342819,381.21741337831884,381.0720385946897,380.7030102977849,380.1774245415872
559,2022-01-06 05:14:00 EST,3,0.7692,0.0009,0.0036,0.0039,13,true,0.001213149249565112,0.001758139429905853,0.0344,0.01,9959.702,10124.702,0.542,1,381.6239057876881,381.70992144837135,382.0944957486097,382.4054943314796,382.4545993708801,381.97582523672514,381.7425762995727,382.22536067861205,381.7998655122066,382.159969134477,382.2090741738775,382.54331580873037
559,2022-03-11 06:15:00 EST,3,0.7692,0.0009,0.0036,0.0039,13,true,0.001213149249565112,0.001758139429905853,0.0344,0.01,9959.702,10124.702,0.542,1,381.1615,381.1973461900172,381.2690385700515,381.2780001175558,381.24215392753865,381.43034642512873,381.68126975524893,381.80090641443115,381.3676155925987,381.313846307573,381.48563917323025,381.3496924975901
559,2022-10-27 07:46:00 EDT,3,0.7692,0.0009,0.0036,0.0039,13,true,0.001213149249565112,0.001758139429905853,0.0344,0.01,9959.702,10124.702,0.542,1,381.04,381.0601,381.5599,381.445,381.47,381.3,381.3595,381.32,381.56,381.49,381.3371,381.385
559,2023-02-10 04:43:00 EST,3,0.7692,0.0009,0.0036,0.0039,13,true,0.001213149249565112,0.001758139429905853,0.0344,0.01,9959.702,10124.702,0.542,1,380.97366631760497,380.936099581126,381.1342641160527,381.71560936306514,381.565248500308,381.4714255759517,381.64047589010715,381.8658763089811,382.14762683257356,382.0911828110139,381.66865094246634,381.7625677836639
559,2023-12-22 09:29:00 EST,3,0.7692,0.0009,0.0036,0.0039,13,true,0.001213149249565112,0.001758139429905853,0.0344,0.01,9959.702,10124.702,0.542,1,381.18571661831044,381.0727057328617,380.98391146572357,380.91021222399877,381.09692235117217,381.1534277938965,381.084814042017,381.20186103051736,381.1937888244139,381.41981059531116,381.62968795400155,381.4763160380355
604,2017-11-14 05:06:00 EST,3,0.7,0.0015,0.0015,0.0005,10,true,0.0015236537961278134,0.0006458645272810074,0.0335,0.0131,10074.16,10169.16,0.542,1,380.40742761388873,380.24444877440465,380.4711375238689,380.59855734382916,380.61485522777747,380.6593040021823,380.6593040021823,380.6000389696426,380.70375277658695,380.8370990998012,381.0148941974202,380.94081290674563
604,2018-02-28 05:58:00 EST,3,0.7,0.0015,0.0015,0.0005,10,true,0.0015236537961278134,0.0006458645272810074,0.0335,0.0131,10074.16,10169.16,0.542,1,380.25539649582925,380.42158598331696,380.601624594762,380.4908316031035,380.44928423123156,380.5323789749754,380.44928423123156,380.4631333551889,380.601624594762,380.6750249517357,380.7678140822497,380.5947000327833
604,2018-11-14 08:46:00 EST,3,0.7,0.0015,0.0015,0.0005,10,true,0.0015236537961278134,0.0006458645272810074,0.0335,0.0131,10074.16,10169.16,0.542,1,380.4822994537144,380.52496934111264,380.49671113753766,380.25651640715006,380.25651640715006,380.3801460477907,380.3412910178751,380.2282582035751,380.4076977962764,380.4119365268126,380.7510349697128,380.7792931732878
604,2020-04-03 09:28:00 EDT,3,0.7,0.0015,0.0015,0.0005,10,true,0.0015236537961278134,0.0006458645272810074,0.0335,0.0131,10074.16,10169.16,0.542,1,380.09984599797366,380.0921418439716,380.1229584599797,379.53744275582574,379.27550151975686,379.29090982776086,379.1984599797365,379.4141762917933,379.599230070922,379.7069341438703,379.1522350557244,379.21386828774064
604,2020-10-30 09:39:00 EDT,3,0.7,0.0015,0.0015,0.0005,10,true,0.0015236537961278134,0.0006458645272810074,0.0335,0.0131,10074.16,10169.16,0.542,1,380.2588956338185,380.69385340852557,380.7643871017213,380.87371432617476,381.0571019284837,380.7878983327866,380.79965394831925,381.0230106434391,380.494007944471,380.870187641515,381.2816341851568,381.24636733855897
604,2021-09-30 08:11:00 EDT,3,0.7,0.0015,0.0015,0.0005,10,true,0.0015236537961278134,0.0006458645272810074,0.0335,0.0131,10074.16,10169.16,0.542,1,380.38668249175447,380.34138063826816,379.99689227481764,379.8202768616156,380.3457077158916,380.2529846239606,380.3589538718818,380.2,380.34129233056154,380.30464463232215,380.4119384958424,380.45609234914286
604,2021-12-17 10:52:00 EST,3,0.7,0.0015,0.0015,0.0005,10,true,0.0015236537961278134,0.0006458645272810074,0.0335,0.0131,10074.16,10169.16,0.542,1,380.1545304311901,379.94371697579857,380.7125660484029,380.4638888429842,380.3570766922525,380.6877644654157,380.8365739633391,380.7539020200483,380.1834656113419,375.6613103133358,375.2066972971798,375.641469046946
604,2022-06-16 10:01:00 EDT,3,0.7,0.0015,0.0015,0.0005,10,true,0.0015236537961278134,0.0006458645272810074,0.0335,0.0131,10074.16,10169.16,0.542,1,380.16882243603766,380.6260933741527,380.355887819812,380.62973075661495,380.4599169582332,380.355887819812,380.303925213208,379.92979444565935,379.7531215832058,379.9712606057293,379.95057948830095,380.0233271375465
604,2022-10-14 10:19:00 EDT,3,0.7,0.0015,0.0015,0.0005,10,true,0.0015236537961278134,0.0006458645272810074,0.0335,0.0131,10074.16,10169.16,0.542,1,380.4176241466445,380.15222884585853,380.1787683759371,380.2796185902358,380.3539292744559,380.3008502142987,380.36358966340447,380.16284465789,380.0062614304262,380.08322606765415,380.1309972217956,380.4494715827388
604,2022-10-27 08:31:00 EDT,3,0.7,0.0015,0.0015,0.0005,10,true,0.0015236537961278134,0.0006458645272810074,0.0335,0.0131,10074.16,10169.16,0.542,1,380.59,380.75,380.73,380.95,380.96,380.8,381.0822,380.78,380.9,380.8601,381.0,381.0
754,2017-02-01 08:59:00 EST,3,0.7222,-0.0007,0.0012,0.0005,18,true,0.00045559683184982346,-0.00017572611351389386,0.0282,0.0131,10103.618,10158.618,0.542,1,380.07982444561776,380.0965496304118,380.60666776663146,380.33070221752905,380.2136259239705,380.2136259239705,379.92929778247094,380.11327481520595,380.2638014783527,380.4645036958817,380.51467925026395,380.29725184794086
754,2018-02-14 07:23:00 EST,3,0.7222,-0.0007,0.0012,0.0005,18,true,0.00045559683184982346,-0.00017572611351389386,0.0282,0.0131,10103.618,10158.618,0.542,1,380.414794905413,380.40767503277766,380.3791955422364,380.64263082974344,380.5856718486608,380.82774751826184,381.05843139164637,380.94166548042705,380.94166548042705,380.9559052256977,380.85622700880316,380.7707885371792
754,2018-11-14 08:06:00 EST,3,0.7222,-0.0007,0.0012,0.0005,18,true,0.00045559683184982346,-0.00017572611351389386,0.0282,0.0131,10103.618,10158.618,0.542,1,380.4814775501146,380.2565319180413,379.93317257193576,380.1440591020045,380.05970448997704,379.7925815518899,379.2583356757156,379.42704489977064,379.7925815518899,379.7363451438716,380.04564538797246,379.96382141430576
754,2019-04-25 06:35:00 EDT,3,0.7222,-0.0007,0.0012,0.0005,18,true,0.00045559683184982346,-0.00017572611351389386,0.0282,0.0131,10103.618,10158.618,0.542,1,380.0908072997216,380.2998350345396,380.3782204350964,380.5088627693576,380.4957985359315,380.6133766367666,380.5872481699144,380.54805546963604,380.6003124033405,380.541523352923,380.6264408701928,380.8093401381586
754,2019-08-12 09:43:00 EDT,3,0.7222,-0.0007,0.0012,0.0005,18,true,0.00045559683184982346,-0.00017572611351389386,0.0282,0.0131,10103.618,10158.618,0.542,1,379.8997019265721,379.8602222568416,379.6891436880095,379.7417832476502,379.54438489899775,379.5838645687282,379.6891436880095,379.6628239081892,379.55096484395284,379.5312250090875,379.55741319000873,379.5575447889079
754,2020-04-20 08:23:00 EDT,3,0.7222,-0.0007,0.0012,0.0005,18,true,0.00045559683184982346,-0.00017572611351389386,0.0282,0.0131,10103.618,10158.618,0.542,1,380.22325401275674,380.14332200182247,380.2092659108432,380.2099320109343,380.46305004555967,380.30318602369107,380.3431520291582,380.09003399453286,380.30318602369107,380.59627006378355,380.60959206560597,380.59627006378355
754,2020-05-05 10:43:00 EDT,3,0.7222,-0.0007,0.0012,0.0005,18,true,0.00045559683184982346,-0.00017572611351389386,0.0282,0.0131,10103.618,10158.618,0.542,1,380.1741161767508,380.08390847205146,380.16292251996333,380.08390847205146,380.19584503992655,380.2287675598899,380.25510557586045,380.3538731357503,380.5184857355667,380.4855632156034,380.51190123157403,380.5053167275814
754,2020-11-19 06:07:00 EST,3,0.7222,-0.0007,0.0012,0.0005,18,true,0.00045559683184982346,-0.00017572611351389386,0.0282,0.0131,10103.618,10158.618,0.542,1,380.09795667200547,379.9591022506955,379.8843344853748,379.92705892270084,379.8309289387171,379.82024782938555,379.7346921436399,379.7027556267386,379.7241178454017,379.8309289387171,379.79354505605664,379.86297226671167
754,2021-02-22 10:39:00 EST,3,0.7222,-0.0007,0.0012,0.0005,18,true,0.00045559683184982346,-0.00017572611351389386,0.0282,0.0131,10103.618,10158.618,0.542,1,380.0809800634462,379.9731362030278,379.8537236375828,379.85548835529875,379.99274417764934,380.1152940190338,379.96333221571706,380.12147053103956,380.22803987310755,380.169215949243,380.09088209063003,380.1103920253784
754,2021-10-27 06:10:00 EDT,3,0.7222,-0.0007,0.0012,0.0005,18,true,0.00045559683184982346,-0.00017572611351389386,0.0282,0.0131,10103.618,10158.618,0.542,1,380.18413770815073,380.2965775635408,380.31323531989483,380.1134255324277,380.28824868536367,380.0550400964067,380.0375494522349,380.0133957055215,379.78018711656443,379.8384892638037,379.85514702015774,379.90512028922
754,2022-10-27 11:01:00 EDT,3,0.7222,-0.0007,0.0012,0.0005,18,true,0.00045559683184982346,-0.00017572611351389386,0.0282,0.0131,10103.618,10158.618,0.542,1,380.41,380.74,380.6,380.67,380.625,380.54,380.54,380.25,380.12,379.62,379.59,379.8476
754,2022-11-09 07:29:00 EST,3,0.7222,-0.0007,0.0012,0.0005,18,true,0.00045559683184982346,-0.00017572611351389386,0.0282,0.0131,10103.618,10158.618,0.542,1,380.039598086883,379.9714953123348,380.31783508614313,380.35098245428605,380.391161082338,380.511696966494,380.652322164676,380.5218420700772,380.3609266647289,380.210357256104,379.94648411637246,379.81851518602684
754,2023-03-08 08:33:00 EST,3,0.7222,-0.0007,0.0012,0.0005,18,true,0.00045559683184982346,-0.00017572611351389386,0.0282,0.0131,10103.618,10158.618,0.542,1,380.1330642378124,380.08039765041246,380.0899733935761,380.0996448941713,379.9846402187763,379.992875357897,379.94633724612174,379.94633724612174,379.9080342734673,379.8601555576492,379.9445178549207,379.9080342734673
754,2023-03-30 08:40:00 EDT,3,0.7222,-0.0007,0.0012,0.0005,18,true,0.00045559683184982346,-0.00017572611351389386,0.0282,0.0131,10103.618,10158.618,0.542,1,379.95525581453137,380.01665242023654,380.156353312295,380.28113010635127,379.9458101828844,379.9694242620018,379.9807590199781,379.79940289235657,379.91275047212,379.83548520524795,379.9114280836895,380.0348824893151
754,2023-10-20 09:56:00 EDT,3,0.7222,-0.0007,0.0012,0.0005,18,true,0.00045559683184982346,-0.00017572611351389386,0.0282,0.0131,10103.618,10158.618,0.542,1,380.282493333648,380.1569105882908,380.35425490242346,380.35425490242346,380.5336588243623,380.4888078438776,380.46189725558673,380.31837411803576,380.23764235316327,380.2466125492602,380.18382117658166,380.0223576468367
754,2024-04-05 09:46:00 EDT,3,0.7222,-0.0007,0.0012,0.0005,18,true,0.00045559683184982346,-0.00017572611351389386,0.0282,0.0131,10103.618,10158.618,0.542,1,379.96884105449783,379.88826158174675,379.95052753796347,379.9322140214291,379.91756320820167,379.9844441705851,379.8955869883605,379.69047560317586,379.75640426269945,379.6245469436522,379.65384857010713,379.57326909735605
754,2024-07-18 14:33:00 EDT,3,0.7222,-0.0007,0.0012,0.0005,18,true,0.00045559683184982346,-0.00017572611351389386,0.0282,0.0131,10103.618,10158.618,0.542,1,380.12380905848437,380.1513243541093,380.1031725867657,379.9931114042659,379.92432316520353,379.8796108098131,379.6216549133293,379.78667789883986,379.9036866934849,379.7936255109851,379.77292025102736,379.77298903926646
754,2024-08-02 13:26:00 EDT,3,0.7222,-0.0007,0.0012,0.0005,18,true,0.00045559683184982346,-0.00017572611351389386,0.0282,0.0131,10103.618,10158.618,0.542,1,380.07273641396455,379.93673539713024,379.9295774488758,379.7864184837872,379.82220822505934,379.8150502768049,379.62178567393516,379.4857846571009,379.7148390012428,379.55736413964524,379.5716800361541,379.60746977742633
757,2018-12-13 08:18:00 EST,3,1.0,-0.0011,-0.0011,-0.0013,4,true,-0.0010835078597050442,-0.0014594996521963015,0.0294,0.0131,10023.076,10048.076,0.542,1,380.37022111538755,380.3127763942344,380.2310612783941,380.442027016829,380.5281940985587,380.49229114783793,380.6,380.5281940985587,380.082997509622,379.93938570673913,379.8101350841447,380.09735868991027
757,2019-08-27 11:43:00 EDT,3,1.0,-0.0011,-0.0011,-0.0013,4,true,-0.0010835078597050442,-0.0014594996521963015,0.0294,0.0131,10023.076,10048.076,0.542,1,380.4145869580347,380.3880993806111,380.3352566636509,380.52053726772914,380.50729347901733,380.55364673950874,380.878119562948,380.811900619389,380.00402950796854,379.977541930545,379.87159162085044,380.00402950796854
757,2022-05-04 06:43:00 EDT,3,1.0,-0.0011,-0.0011,-0.0013,4,true,-0.0010835078597050442,-0.0014594996521963015,0.0294,0.0131,10023.076,10048.076,0.542,1,380.52991044991694,380.3480441010086,380.4534074769505,380.49921764040346,380.61374304903586,380.68245829421534,380.46256950964107,380.4579884932958,380.1876169085963,380.11441226739845,380.11441226739845,380.18770852892317
757,2022-10-27 11:04:00 EDT,3,1.0,-0.0011,-0.0011,-0.0013,4,true,-0.0010835078597050442,-0.0014594996521963015,0.0294,0.0131,10023.076,10048.076,0.542,1,380.67,380.625,380.54,380.54,380.25,380.12,379.62,379.59,379.8476,379.99,380.21,380.21